"","Entity","Code","Year","source","energy_twh","rank","energy_prop","energy_prop_cum","energy_prop_pos"
"1","World","OWID_WRL",1990,"coal",4460.2417,1,0.37868940594985,0.37868940594985,0.189344702974925
"2","World","OWID_WRL",1990,"hydro",2158.854,2,0.183293909563793,0.561983315513643,0.470336360731747
"3","World","OWID_WRL",1990,"nuclear",2000.596,3,0.169857277193217,0.731840592706861,0.646911954110252
"4","World","OWID_WRL",1990,"gas",1789.7031,4,0.151951766148818,0.883792358855679,0.80781647578127
"5","World","OWID_WRL",1990,"oil",1364.6844,5,0.115866260060532,0.99965861891621,0.941725488885944
"6","World","OWID_WRL",1990,"wind",3.6324706,6,0.000308408876954874,0.999967027793165,0.999812823354688
"7","World","OWID_WRL",1990,"solar",0.38834995,7,3.29722068349242e-05,1,0.999983513896583
"8","World","OWID_WRL",1990,"other_renewables",0,8,0,1,1
"9","World","OWID_WRL",1990,"bioenergy",0,9,0,1,1
"10","World","OWID_WRL",1991,"coal",4557.0664,1,0.378751175802916,0.378751175802916,0.189375587901458
"11","World","OWID_WRL",1991,"hydro",2208.702,2,0.183571711726266,0.562322887529183,0.47053703166605
"12","World","OWID_WRL",1991,"nuclear",2096.3098,3,0.174230465809578,0.736553353338761,0.649438120433972
"13","World","OWID_WRL",1991,"gas",1815.2444,4,0.150870294729447,0.887423648068208,0.811988500703484
"14","World","OWID_WRL",1991,"oil",1349.9071,5,0.112194744704555,0.999618392772762,0.943521020420485
"15","World","OWID_WRL",1991,"wind",4.086107,6,0.000339608356530975,0.999958001129293,0.999788196951028
"16","World","OWID_WRL",1991,"solar",0.5053229,7,4.19988707066326e-05,1,0.999979000564647
"17","World","OWID_WRL",1991,"other_renewables",0,8,0,1,1
"18","World","OWID_WRL",1991,"bioenergy",0,9,0,1,1
"19","World","OWID_WRL",1992,"coal",4649.9165,1,0.383232729919744,0.383232729919744,0.191616364959872
"20","World","OWID_WRL",1992,"hydro",2208.4592,2,0.182014848682202,0.565247578601946,0.474240154260845
"21","World","OWID_WRL",1992,"nuclear",2112.223,3,0.174083338160862,0.739330916762808,0.652289247682377
"22","World","OWID_WRL",1992,"gas",1829.3868,4,0.150772792897065,0.890103709659873,0.81471731321134
"23","World","OWID_WRL",1992,"oil",1328.2163,5,0.109467763254007,0.99957147291388,0.944837591286876
"24","World","OWID_WRL",1992,"wind",4.732812,6,0.000390064738357543,0.999961537652237,0.999766505283059
"25","World","OWID_WRL",1992,"solar",0.4666791,7,3.8462347762479e-05,1,0.999980768826119
"26","World","OWID_WRL",1992,"other_renewables",0,8,0,1,1
"27","World","OWID_WRL",1992,"bioenergy",0,9,0,1,1
"28","World","OWID_WRL",1993,"coal",4727.899,1,0.381558655236346,0.381558655236346,0.190779327618173
"29","World","OWID_WRL",1993,"hydro",2341.4597,2,0.188964318912502,0.570522974148847,0.476040814692597
"30","World","OWID_WRL",1993,"nuclear",2184.9646,3,0.176334594820029,0.746857568968876,0.658690271558862
"31","World","OWID_WRL",1993,"gas",1863.8153,4,0.1504166775722,0.897274246541076,0.822065907754976
"32","World","OWID_WRL",1993,"oil",1266.6155,5,0.102220480361681,0.999494726902757,0.948384486721917
"33","World","OWID_WRL",1993,"wind",5.704169,6,0.00046034719711247,0.99995507409987,0.999724900501313
"34","World","OWID_WRL",1993,"solar",0.5566775,7,4.49259001303393e-05,1,0.999977537049935
"35","World","OWID_WRL",1993,"other_renewables",0,8,0,1,1
"36","World","OWID_WRL",1993,"bioenergy",0,9,0,1,1
"37","World","OWID_WRL",1994,"coal",4891.904,1,0.384915503883607,0.384915503883607,0.192457751941803
"38","World","OWID_WRL",1994,"hydro",2356.203,2,0.185395924571918,0.570311428455525,0.477613466169566
"39","World","OWID_WRL",1994,"nuclear",2225.9788,3,0.175149338874235,0.745460767329761,0.657886097892643
"40","World","OWID_WRL",1994,"gas",1925.1002,4,0.151474949939621,0.896935717269382,0.821198242299571
"41","World","OWID_WRL",1994,"oil",1302.1187,5,0.102456155216204,0.999391872485585,0.948163794877483
"42","World","OWID_WRL",1994,"wind",7.13173,6,0.000561154398473853,0.999953026884059,0.999672449684822
"43","World","OWID_WRL",1994,"solar",0.5969829,7,4.69731159408273e-05,1,0.99997651344203
"44","World","OWID_WRL",1994,"other_renewables",0,8,0,1,1
"45","World","OWID_WRL",1994,"bioenergy",0,9,0,1,1
"46","World","OWID_WRL",1995,"coal",5038.9316,1,0.383177452449242,0.383177452449242,0.191588726224621
"47","World","OWID_WRL",1995,"hydro",2483.6868,2,0.188867969691394,0.572045422140636,0.477611437294939
"48","World","OWID_WRL",1995,"nuclear",2322.5298,3,0.176613044717941,0.748658466858577,0.660351944499606
"49","World","OWID_WRL",1995,"gas",2036.3821,4,0.1548534029101,0.903511869768677,0.826085168313627
"50","World","OWID_WRL",1995,"oil",1259.9452,5,0.0958105071244964,0.999322376893174,0.951417123330925
"51","World","OWID_WRL",1995,"wind",8.272123,6,0.000629040294471705,0.999951417187645,0.99963689704041
"52","World","OWID_WRL",1995,"solar",0.63888276,7,4.85828123546151e-05,1,0.999975708593823
"53","World","OWID_WRL",1995,"other_renewables",0,8,0,1,1
"54","World","OWID_WRL",1995,"bioenergy",0,9,0,1,1
"55","World","OWID_WRL",1996,"coal",5279.661,1,0.389340872376892,0.389340872376892,0.194670436188446
"56","World","OWID_WRL",1996,"hydro",2517.03,2,0.185614693064348,0.57495556544124,0.482148218909066
"57","World","OWID_WRL",1996,"nuclear",2406.615,3,0.177472300508558,0.752427865949798,0.663691715695519
"58","World","OWID_WRL",1996,"gas",2101.594,4,0.154978973335985,0.907406839285784,0.829917352617791
"59","World","OWID_WRL",1996,"oil",1245.6957,5,0.0918620060178378,0.999268845303622,0.953337842294703
"60","World","OWID_WRL",1996,"wind",9.215601,6,0.000679591006471317,0.999948436310093,0.999608640806857
"61","World","OWID_WRL",1996,"solar",0.69922996,7,5.15636899070716e-05,1,0.999974218155046
"62","World","OWID_WRL",1996,"other_renewables",0,8,0,1,1
"63","World","OWID_WRL",1996,"bioenergy",0,9,0,1,1
"64","World","OWID_WRL",1997,"coal",5395.626,1,0.388858936080696,0.388858936080696,0.194429468040348
"65","World","OWID_WRL",1997,"hydro",2561.359,2,0.184595325113474,0.57345426119417,0.481156598637433
"66","World","OWID_WRL",1997,"nuclear",2390.0642,3,0.17225023046011,0.74570449165428,0.659579376424225
"67","World","OWID_WRL",1997,"gas",2271.0615,4,0.163673790337549,0.909378281991829,0.827541386823055
"68","World","OWID_WRL",1997,"oil",1244.647,5,0.089700825857098,0.999079107848927,0.954228694920378
"69","World","OWID_WRL",1997,"wind",12.028216,6,0.000866864989661775,0.999945972838589,0.999512540343758
"70","World","OWID_WRL",1997,"solar",0.7496558,7,5.40271614108767e-05,1,0.999972986419295
"71","World","OWID_WRL",1997,"other_renewables",0,8,0,1,1
"72","World","OWID_WRL",1997,"bioenergy",0,9,0,1,1
"73","World","OWID_WRL",1998,"coal",5511.2935,1,0.386933608463755,0.386933608463755,0.193466804231878
"74","World","OWID_WRL",1998,"hydro",2581.1204,2,0.181213762295804,0.568147370759559,0.477540489611657
"75","World","OWID_WRL",1998,"nuclear",2431.1948,3,0.170687875149875,0.738835245909434,0.653491308334497
"76","World","OWID_WRL",1998,"gas",2408.5476,4,0.169097874033513,0.907933119942947,0.823384182926191
"77","World","OWID_WRL",1998,"oil",1294.6146,5,0.090891530046052,0.998824649988999,0.953378884965973
"78","World","OWID_WRL",1998,"wind",15.92926,6,0.0011183519897747,0.999943001978774,0.999383825983886
"79","World","OWID_WRL",1998,"solar",0.811852,7,5.69980212265082e-05,1,0.999971500989387
"80","World","OWID_WRL",1998,"other_renewables",0,8,0,1,1
"81","World","OWID_WRL",1998,"bioenergy",0,9,0,1,1
"82","World","OWID_WRL",1999,"coal",5630.859,1,0.384496589514621,0.384496589514621,0.192248294757311
"83","World","OWID_WRL",1999,"gas",2600.75,2,0.177589157387914,0.562085746902535,0.473291168208578
"84","World","OWID_WRL",1999,"hydro",2600.65,3,0.177582329005432,0.739668075907968,0.650876911405252
"85","World","OWID_WRL",1999,"nuclear",2523.7056,4,0.172328271075328,0.911996346983296,0.825832211445632
"86","World","OWID_WRL",1999,"oil",1266.6599,5,0.0864923827119329,0.998488729695229,0.955242538339262
"87","World","OWID_WRL",1999,"wind",21.226898,6,0.00144945378440034,0.999938183479629,0.999213456587429
"88","World","OWID_WRL",1999,"solar",0.9052879,7,6.18165203708446e-05,1,0.999969091739815
"89","World","OWID_WRL",1999,"other_renewables",0,8,0,1,1
"90","World","OWID_WRL",1999,"bioenergy",0,9,0,1,1
"91","World","OWID_WRL",2000,"coal",5719.12,1,0.381993068297111,0.381993068297111,0.190996534148555
"92","World","OWID_WRL",2000,"gas",2681.11,2,0.179077451660757,0.561070519957867,0.471531794127489
"93","World","OWID_WRL",2000,"hydro",2621.36,3,0.175086612889975,0.736157132847842,0.648613826402855
"94","World","OWID_WRL",2000,"nuclear",2507.43,4,0.167476968351814,0.903634101199656,0.819895617023749
"95","World","OWID_WRL",2000,"oil",1209.51,5,0.0807859314083353,0.984420032607991,0.944027066903824
"96","World","OWID_WRL",2000,"bioenergy",148.65,6,0.00992867252345912,0.99434870513145,0.989384368869721
"97","World","OWID_WRL",2000,"other_renewables",52.37,7,0.00349791173934446,0.997846616870795,0.996097661001123
"98","World","OWID_WRL",2000,"wind",31.16,8,0.00208124746606785,0.999927864336863,0.998887240603829
"99","World","OWID_WRL",2000,"solar",1.08,9,7.21356631371399e-05,1,0.999963932168431
"100","World","OWID_WRL",2001,"coal",5801.14,1,0.381745616546079,0.381745616546079,0.190872808273039
"101","World","OWID_WRL",2001,"gas",2827.65,2,0.186074287575635,0.567819904121713,0.474782760333896
"102","World","OWID_WRL",2001,"nuclear",2573.71,3,0.169363695887499,0.737183600009213,0.652501752065463
"103","World","OWID_WRL",2001,"hydro",2561.04,4,0.168529943045534,0.905713543054747,0.82144857153198
"104","World","OWID_WRL",2001,"oil",1197.6,5,0.0788083980692732,0.98452194112402,0.945117742089383
"105","World","OWID_WRL",2001,"bioenergy",143.1,6,0.00941673493964011,0.99393867606366,0.98923030859384
"106","World","OWID_WRL",2001,"other_renewables",52.6,7,0.00346135749703054,0.997400033560691,0.995669354812175
"107","World","OWID_WRL",2001,"wind",38.16,8,0.00251112931723736,0.999911162877928,0.998655598219309
"108","World","OWID_WRL",2001,"solar",1.35,9,8.88371220720765e-05,1,0.999955581438964
"109","World","OWID_WRL",2002,"coal",6056.12,1,0.384926632759557,0.384926632759557,0.192463316379778
"110","World","OWID_WRL",2002,"gas",3033.78,2,0.19282687924501,0.577753512004566,0.481340072382061
"111","World","OWID_WRL",2002,"nuclear",2601.89,3,0.165375976121801,0.743129488126367,0.660441500065467
"112","World","OWID_WRL",2002,"hydro",2601.39,4,0.165344196151064,0.908473684277431,0.825801586201899
"113","World","OWID_WRL",2002,"oil",1175.58,5,0.0747197959980118,0.983193480275443,0.945833582276437
"114","World","OWID_WRL",2002,"bioenergy",156.61,6,0.00995412243424406,0.993147602709687,0.988170541492565
"115","World","OWID_WRL",2002,"other_renewables",54.08,7,0.00343732163491424,0.996584924344602,0.994866263527145
"116","World","OWID_WRL",2002,"wind",52.04,8,0.00330765935430727,0.999892583698909,0.998238754021755
"117","World","OWID_WRL",2002,"solar",1.69,9,0.00010741630109107,1,0.999946291849454
"118","World","OWID_WRL",2003,"coal",6458.61,1,0.396425631793549,0.396425631793549,0.198212815896775
"119","World","OWID_WRL",2003,"gas",3165.78,2,0.194313689264313,0.590739321057862,0.493582476425705
"120","World","OWID_WRL",2003,"hydro",2602.33,3,0.15972946413939,0.750468785197252,0.670604053127557
"121","World","OWID_WRL",2003,"nuclear",2577.71,4,0.158218303215483,0.908687088412735,0.829577936804993
"122","World","OWID_WRL",2003,"oil",1198.2,5,0.0735448017475944,0.982231890160329,0.945459489286532
"123","World","OWID_WRL",2003,"bioenergy",167.91,6,0.0103062157080943,0.992538105868423,0.987384998014376
"124","World","OWID_WRL",2003,"wind",63.43,7,0.0038932955890919,0.996431401457515,0.994484753662969
"125","World","OWID_WRL",2003,"other_renewables",56.07,8,0.00344154317642098,0.999872944633936,0.998152173045726
"126","World","OWID_WRL",2003,"solar",2.07,9,0.000127055366063696,1,0.999936472316968
"127","World","OWID_WRL",2004,"coal",6697.61,1,0.39183028981217,0.39183028981217,0.195915144906085
"128","World","OWID_WRL",2004,"gas",3408.19,2,0.199389345667326,0.591219635479497,0.491524962645833
"129","World","OWID_WRL",2004,"hydro",2796.69,3,0.163614760073339,0.754834395552836,0.673027015516166
"130","World","OWID_WRL",2004,"nuclear",2682.73,4,0.156947757989462,0.911782153542298,0.833308274547567
"131","World","OWID_WRL",2004,"oil",1177.47,5,0.0688855295165195,0.980667683058818,0.946224918300558
"132","World","OWID_WRL",2004,"bioenergy",184.54,6,0.0107961439501461,0.991463827008964,0.986065755033891
"133","World","OWID_WRL",2004,"wind",85.26,7,0.004987965932532,0.996451792941496,0.99395780997523
"134","World","OWID_WRL",2004,"other_renewables",57.94,8,0.00338966392365592,0.999841456865152,0.998146624903324
"135","World","OWID_WRL",2004,"solar",2.71,9,0.000158543134848249,1,0.999920728432576
"136","World","OWID_WRL",2005,"coal",7040.85,1,0.396356326355527,0.396356326355527,0.198178163177764
"137","World","OWID_WRL",2005,"gas",3579.99,2,0.201531304429085,0.597887630784612,0.49712197857007
"138","World","OWID_WRL",2005,"hydro",2895.17,3,0.16298017219153,0.760867802976142,0.679377716880377
"139","World","OWID_WRL",2005,"nuclear",2686.95,4,0.151258673469962,0.912126476446104,0.836497139711123
"140","World","OWID_WRL",2005,"oil",1186.13,5,0.0667717859889191,0.978898262435023,0.945512369440563
"141","World","OWID_WRL",2005,"bioenergy",208.44,6,0.0117338833614615,0.990632145796484,0.984765204115754
"142","World","OWID_WRL",2005,"wind",103.89,7,0.00584836472088962,0.996480510517374,0.993556328156929
"143","World","OWID_WRL",2005,"other_renewables",58.74,8,0.00330669885171871,0.999787209369093,0.998133859943233
"144","World","OWID_WRL",2005,"solar",3.78,9,0.000212790630907333,1,0.999893604684546
"145","World","OWID_WRL",2006,"coal",7439.88,1,0.402781838144055,0.402781838144055,0.201390919072028
"146","World","OWID_WRL",2006,"gas",3792.38,2,0.205312691513943,0.608094529657998,0.505438183901027
"147","World","OWID_WRL",2006,"hydro",3001.53,3,0.162497482572908,0.770592012230906,0.689343270944452
"148","World","OWID_WRL",2006,"nuclear",2721.42,4,0.147332826599622,0.917924838830528,0.844258425530717
"149","World","OWID_WRL",2006,"oil",1097.06,5,0.0593928723788982,0.977317711209426,0.947621275019977
"150","World","OWID_WRL",2006,"bioenergy",220.96,6,0.0119623804357477,0.989280091645174,0.9832989014273
"151","World","OWID_WRL",2006,"wind",132.79,7,0.0071890138398938,0.996469105485068,0.992874598565121
"152","World","OWID_WRL",2006,"other_renewables",60.11,8,0.00325424822589063,0.999723353710958,0.998096229598013
"153","World","OWID_WRL",2006,"solar",5.11,9,0.000276646289041775,1,0.999861676855479
"154","World","OWID_WRL",2007,"coal",7931.82,1,0.409751818663658,0.409751818663658,0.204875909331829
"155","World","OWID_WRL",2007,"gas",4109.47,2,0.212292110290418,0.622043928954076,0.515897873808867
"156","World","OWID_WRL",2007,"hydro",3046.18,3,0.157363353552761,0.779407282506837,0.700725605730457
"157","World","OWID_WRL",2007,"nuclear",2666.92,4,0.137771068964057,0.917178351470894,0.848292816988865
"158","World","OWID_WRL",2007,"oil",1119.39,5,0.0578268402830513,0.975005191753945,0.946091771612419
"159","World","OWID_WRL",2007,"bioenergy",243.14,6,0.0125604283997723,0.987565620153717,0.981285405953831
"160","World","OWID_WRL",2007,"wind",170.91,7,0.00882908126102279,0.99639470141474,0.991980160784229
"161","World","OWID_WRL",2007,"other_renewables",62.87,8,0.00324781662208474,0.999642518036825,0.998018609725782
"162","World","OWID_WRL",2007,"solar",6.92,9,0.000357481963175225,1,0.999821259018412
"163","World","OWID_WRL",2008,"coal",7927.59,1,0.403233665852155,0.403233665852155,0.201616832926077
"164","World","OWID_WRL",2008,"gas",4210.51,2,0.214165891829315,0.61739955768147,0.510316611766812
"165","World","OWID_WRL",2008,"hydro",3231.07,3,0.164347071521726,0.781746629203196,0.699573093442333
"166","World","OWID_WRL",2008,"nuclear",2656.04,4,0.135098402648214,0.91684503185141,0.849295830527303
"167","World","OWID_WRL",2008,"oil",1078.99,5,0.0548823908801813,0.971727422731592,0.944286227291501
"168","World","OWID_WRL",2008,"bioenergy",258.44,6,0.0131454462961418,0.984872869027733,0.978300145879663
"169","World","OWID_WRL",2008,"wind",220.07,7,0.0111937717318988,0.996066640759632,0.990469754893683
"170","World","OWID_WRL",2008,"other_renewables",65.97,8,0.00335553742515275,0.999422178184785,0.997744409472209
"171","World","OWID_WRL",2008,"solar",11.36,9,0.000577821815215025,1,0.999711089092392
"172","World","OWID_WRL",2009,"coal",7817.32,1,0.399630904819964,0.399630904819964,0.199815452409982
"173","World","OWID_WRL",2009,"gas",4247.72,2,0.217148611931181,0.616779516751145,0.508205210785554
"174","World","OWID_WRL",2009,"hydro",3229.55,3,0.165098523363674,0.781878040114818,0.699328778432981
"175","World","OWID_WRL",2009,"nuclear",2619,4,0.133886464891227,0.915764505006045,0.848821272560432
"176","World","OWID_WRL",2009,"oil",1005.12,5,0.0513829566977739,0.967147461703819,0.941455983354932
"177","World","OWID_WRL",2009,"bioenergy",279.55,6,0.0142909359527844,0.981438397656604,0.974292929680211
"178","World","OWID_WRL",2009,"wind",275.88,7,0.0141033210898021,0.995541718746406,0.988490058201505
"179","World","OWID_WRL",2009,"other_renewables",68.02,8,0.00347726511718261,0.999018983863588,0.997280351304997
"180","World","OWID_WRL",2009,"solar",19.19,9,0.000981016136411853,1,0.999509491931794
"181","World","OWID_WRL",2010,"coal",8358.6,1,0.399206039145938,0.399206039145938,0.199603019572969
"182","World","OWID_WRL",2010,"gas",4701.27,2,0.224532263256481,0.623738302402419,0.511472170774179
"183","World","OWID_WRL",2010,"hydro",3412.33,3,0.162972596315036,0.786710898717455,0.705224600559937
"184","World","OWID_WRL",2010,"nuclear",2686.44,4,0.128304150432275,0.91501504914973,0.850862973933593
"185","World","OWID_WRL",2010,"oil",1011.78,5,0.0483225284481943,0.963337577597924,0.939176313373827
"186","World","OWID_WRL",2010,"wind",345.99,6,0.0165244535549139,0.979862031152838,0.971599804375382
"187","World","OWID_WRL",2010,"bioenergy",322.22,7,0.0153892003366119,0.99525123148945,0.987556631321144
"188","World","OWID_WRL",2010,"other_renewables",68.38,8,0.0032658230991792,0.998517054588629,0.99688414303904
"189","World","OWID_WRL",2010,"solar",31.05,9,0.00148294541137049,1,0.999258527294315
"190","World","OWID_WRL",2011,"coal",8814.17,1,0.40704148796794,0.40704148796794,0.20352074398397
"191","World","OWID_WRL",2011,"gas",4767.24,2,0.220152829262458,0.627194317230398,0.517117902599169
"192","World","OWID_WRL",2011,"hydro",3479.25,3,0.160672995530204,0.787867312760602,0.7075308149955
"193","World","OWID_WRL",2011,"nuclear",2575.35,4,0.118930573841693,0.906797886602294,0.847332599681448
"194","World","OWID_WRL",2011,"oil",1103.87,5,0.0509771070132718,0.957774993615566,0.93228644010893
"195","World","OWID_WRL",2011,"wind",440.39,6,0.0203373659557509,0.978112359571317,0.967943676593441
"196","World","OWID_WRL",2011,"bioenergy",342.44,7,0.0158140003131028,0.99392635988442,0.986019359727868
"197","World","OWID_WRL",2011,"other_renewables",69.67,8,0.0032173852406666,0.997143745125086,0.995535052504753
"198","World","OWID_WRL",2011,"solar",61.85,9,0.00285625487491359,1,0.998571872562543
"199","World","OWID_WRL",2012,"coal",8855.83,1,0.399453041941119,0.399453041941119,0.19972652097056
"200","World","OWID_WRL",2012,"gas",5042.66,2,0.227455345966985,0.626908387908104,0.513180714924612
"201","World","OWID_WRL",2012,"hydro",3645.02,3,0.164413084593564,0.791321472501668,0.709114930204886
"202","World","OWID_WRL",2012,"nuclear",2403.21,4,0.10839972593459,0.899721198436258,0.845521335468963
"203","World","OWID_WRL",2012,"oil",1157.13,5,0.0521937637038343,0.951914962140092,0.925818080288175
"204","World","OWID_WRL",2012,"wind",529.11,6,0.0238661535984166,0.975781115738508,0.9638480389393
"205","World","OWID_WRL",2012,"bioenergy",370.87,7,0.0167285448867811,0.99250966062529,0.984145388181899
"206","World","OWID_WRL",2012,"solar",95.18,8,0.00429321029558559,0.996802870920875,0.994656265773082
"207","World","OWID_WRL",2012,"other_renewables",70.88,9,0.00319712907912488,1,0.998401435460438
"208","World","OWID_WRL",2013,"coal",9306.75,1,0.408042426679071,0.408042426679071,0.204021213339536
"209","World","OWID_WRL",2013,"gas",4939.52,2,0.216566871080647,0.624609297759718,0.516325862219395
"210","World","OWID_WRL",2013,"hydro",3776.88,3,0.16559242275506,0.790201720514778,0.707405509137248
"211","World","OWID_WRL",2013,"nuclear",2418.44,4,0.106033376460927,0.896235096975705,0.843218408745241
"212","World","OWID_WRL",2013,"oil",1118.61,5,0.0490440098753567,0.945279106851062,0.920757101913383
"213","World","OWID_WRL",2013,"wind",641.17,6,0.0281112700689092,0.973390376919971,0.959334741885516
"214","World","OWID_WRL",2013,"bioenergy",402.92,7,0.0176655067083065,0.991055883628277,0.982223130274124
"215","World","OWID_WRL",2013,"solar",131.42,8,0.00576194006652844,0.996817823694806,0.993936853661541
"216","World","OWID_WRL",2013,"other_renewables",72.58,9,0.0031821763051943,1,0.998408911847403
"217","World","OWID_WRL",2014,"coal",9495.57,1,0.405398066757945,0.405398066757945,0.202699033378973
"218","World","OWID_WRL",2014,"gas",5096.07,2,0.217568500475818,0.622966567233763,0.514182316995854
"219","World","OWID_WRL",2014,"hydro",3865.63,3,0.165036846529647,0.78800341376341,0.705484990498586
"220","World","OWID_WRL",2014,"nuclear",2472.7,4,0.105567943754021,0.893571357517431,0.84078738564042
"221","World","OWID_WRL",2014,"oil",1063.74,5,0.04541466594771,0.938986023465141,0.916278690491286
"222","World","OWID_WRL",2014,"wind",716.51,6,0.0305902403765899,0.969576263841731,0.954281143653436
"223","World","OWID_WRL",2014,"bioenergy",438.47,7,0.0187197704120296,0.98829603425376,0.978936149047745
"224","World","OWID_WRL",2014,"solar",196.46,8,0.0083875432644134,0.996683577518174,0.992489805885967
"225","World","OWID_WRL",2014,"other_renewables",77.68,9,0.00331642248182649,1,0.998341788759087
"226","World","OWID_WRL",2015,"coal",9160.63,1,0.387172046410114,0.387172046410114,0.193586023205057
"227","World","OWID_WRL",2015,"gas",5418.55,2,0.229013844252581,0.616185890662695,0.501678968536404
"228","World","OWID_WRL",2015,"hydro",3870.04,3,0.163566403892418,0.779752294555112,0.697969092608904
"229","World","OWID_WRL",2015,"nuclear",2502.45,4,0.105765508217119,0.885517802772232,0.832635048663672
"230","World","OWID_WRL",2015,"oil",1068.09,5,0.0451425929275801,0.930660395699812,0.908089099236022
"231","World","OWID_WRL",2015,"wind",828.37,6,0.0350108789553498,0.965671274655162,0.948165835177487
"232","World","OWID_WRL",2015,"bioenergy",475.79,7,0.0201091614835953,0.985780436138757,0.975725855396959
"233","World","OWID_WRL",2015,"solar",254.87,8,0.010772025446781,0.996552461585538,0.991166448862147
"234","World","OWID_WRL",2015,"other_renewables",81.57,9,0.00344753841446199,1,0.998276230792769
"235","World","OWID_WRL",2016,"coal",9226.85,1,0.379793442025093,0.379793442025093,0.189896721012547
"236","World","OWID_WRL",2016,"gas",5669.08,2,0.233349345260367,0.61314278728546,0.496468114655276
"237","World","OWID_WRL",2016,"hydro",3996.54,3,0.164504644899501,0.777647432184961,0.69539510973521
"238","World","OWID_WRL",2016,"nuclear",2540.48,4,0.104570643675351,0.882218075860312,0.829932754022636
"239","World","OWID_WRL",2016,"oil",1004.96,5,0.0413659285127143,0.923584004373026,0.902901040116669
"240","World","OWID_WRL",2016,"wind",959.65,6,0.0395008888883401,0.963084893261366,0.943334448817196
"241","World","OWID_WRL",2016,"bioenergy",483.77,7,0.019912827611642,0.982997720873008,0.973041307067187
"242","World","OWID_WRL",2016,"solar",329.15,8,0.0135483953291274,0.996546116202136,0.989771918537572
"243","World","OWID_WRL",2016,"other_renewables",83.91,9,0.00345388379786445,1,0.998273058101068
"244","World","OWID_WRL",2017,"coal",9518.91,1,0.380354745388869,0.380354745388869,0.190177372694435
"245","World","OWID_WRL",2017,"gas",5791.83,2,0.231428811175399,0.611783556564268,0.496069150976569
"246","World","OWID_WRL",2017,"hydro",4053.96,3,0.161987341367516,0.773770897931784,0.692777227248026
"247","World","OWID_WRL",2017,"nuclear",2566.22,4,0.102540517213822,0.876311415145606,0.825041156538695
"248","World","OWID_WRL",2017,"wind",1136.41,5,0.0454084486781958,0.921719863823802,0.899015639484704
"249","World","OWID_WRL",2017,"oil",913.07,6,0.0364842726081258,0.958204136431928,0.939962000127865
"250","World","OWID_WRL",2017,"bioenergy",515.07,7,0.0205810663938881,0.978785202825816,0.968494669628872
"251","World","OWID_WRL",2017,"solar",444.54,8,0.0177628424383851,0.996548045264201,0.987666624045008
"252","World","OWID_WRL",2017,"other_renewables",86.39,9,0.003451954735799,1,0.9982740226321
"253","World","OWID_WRL",2018,"coal",9899.44,1,0.380425647365442,0.380425647365442,0.190212823682721
"254","World","OWID_WRL",2018,"gas",6015.24,2,0.23115969903939,0.611585346404832,0.496005496885137
"255","World","OWID_WRL",2018,"hydro",4174.81,3,0.160433802000691,0.772019148405523,0.691802247405177
"256","World","OWID_WRL",2018,"nuclear",2619.57,4,0.100667473419617,0.87268662182514,0.822352885115331
"257","World","OWID_WRL",2018,"wind",1265.29,5,0.0486238380509423,0.921310459876082,0.896998540850611
"258","World","OWID_WRL",2018,"oil",841.34,6,0.0323318606056949,0.953642320481777,0.937476390178929
"259","World","OWID_WRL",2018,"solar",570.57,7,0.0219264384265474,0.975568758908324,0.96460553969505
"260","World","OWID_WRL",2018,"bioenergy",546.21,8,0.0209903078201876,0.996559066728512,0.986063912818418
"261","World","OWID_WRL",2018,"other_renewables",89.54,9,0.00344093327148825,1,0.998279533364256
"262","World","OWID_WRL",2019,"coal",9680.92,1,0.367180240298146,0.367180240298146,0.183590120149073
"263","World","OWID_WRL",2019,"gas",6176.34,2,0.234257695070619,0.601437935368765,0.484309087833456
"264","World","OWID_WRL",2019,"hydro",4220.11,3,0.160061337546908,0.761499272915673,0.681468604142219
"265","World","OWID_WRL",2019,"nuclear",2724.08,4,0.10331955526865,0.864818828184322,0.813159050549997
"266","World","OWID_WRL",2019,"wind",1419.51,5,0.0538395134869022,0.918658341671224,0.891738584927773
"267","World","OWID_WRL",2019,"oil",776.78,6,0.0294618969125656,0.94812023858379,0.933389290127507
"268","World","OWID_WRL",2019,"solar",701.19,7,0.0265949013827877,0.974715139966578,0.961417689275184
"269","World","OWID_WRL",2019,"bioenergy",575.5,8,0.0218277011163798,0.996542841082957,0.985628990524767
"270","World","OWID_WRL",2019,"other_renewables",91.15,9,0.0034571589170426,1,0.998271420541479
"271","World","OWID_WRL",2020,"coal",9292.9,1,0.353652693562523,0.353652693562523,0.176826346781262
"272","World","OWID_WRL",2020,"gas",6132.47,2,0.233378658297342,0.587031351859865,0.470342022711194
"273","World","OWID_WRL",2020,"hydro",4341.1,3,0.165205878468968,0.752237230328832,0.669634291094349
"274","World","OWID_WRL",2020,"nuclear",2634.69,4,0.100266355518971,0.852503585847803,0.802370408088318
"275","World","OWID_WRL",2020,"wind",1587.13,5,0.0604001764286592,0.912903762276463,0.882703674062133
"276","World","OWID_WRL",2020,"solar",850.89,6,0.0323816613140586,0.945285423590521,0.929094592933492
"277","World","OWID_WRL",2020,"oil",741,7,0.0281996627457338,0.973485086336255,0.959385254963388
"278","World","OWID_WRL",2020,"bioenergy",602.57,8,0.0229315395151104,0.996416625851365,0.98495085609381
"279","World","OWID_WRL",2020,"other_renewables",94.16,9,0.00358337414863468,1,0.998208312925683
"280","World","OWID_WRL",2021,"coal",10081.8,1,0.362199711729008,0.362199711729008,0.181099855864504
"281","World","OWID_WRL",2021,"gas",6326,2,0.227268481461416,0.589468193190424,0.475833952459716
"282","World","OWID_WRL",2021,"hydro",4244.57,3,0.152490828067765,0.741959021258189,0.665713607224307
"283","World","OWID_WRL",2021,"nuclear",2740.78,4,0.0984655246000348,0.840424545858224,0.791191783558207
"284","World","OWID_WRL",2021,"wind",1849.4,5,0.0664417214060612,0.906866267264285,0.873645406561255
"285","World","OWID_WRL",2021,"solar",1040.06,6,0.0373652951041354,0.944231562368421,0.925548914816353
"286","World","OWID_WRL",2021,"oil",793.53,7,0.0285084347287508,0.972739997097171,0.958485779732796
"287","World","OWID_WRL",2021,"bioenergy",663.78,8,0.0238470238103792,0.996587020907551,0.984663509002361
"288","World","OWID_WRL",2021,"other_renewables",95,9,0.00341297909244934,1,0.998293510453775
"289","World","OWID_WRL",2022,"coal",10190.71,1,0.357220826310934,0.357220826310934,0.178610413155467
"290","World","OWID_WRL",2022,"gas",6309.46,2,0.22116913490579,0.578389961216724,0.467805393763829
"291","World","OWID_WRL",2022,"hydro",4326.76,3,0.151668409997841,0.730058371214564,0.654224166215644
"292","World","OWID_WRL",2022,"nuclear",2610.04,4,0.0914912352038856,0.82154960641845,0.775803988816507
"293","World","OWID_WRL",2022,"wind",2139.23,5,0.0749876611412884,0.896537267559738,0.859043436989094
"294","World","OWID_WRL",2022,"solar",1289.27,6,0.045193523781748,0.941730791341486,0.919134029450612
"295","World","OWID_WRL",2022,"oil",884.98,7,0.0310217135870464,0.972752504928533,0.95724164813501
"296","World","OWID_WRL",2022,"bioenergy",677.57,8,0.0237512514126591,0.996503756341192,0.984628130634862
"297","World","OWID_WRL",2022,"other_renewables",99.74,9,0.00349624365880812,1,0.998251878170596
